<?xml version="1.0"?>

<!DOCTYPE hibernate-mapping PUBLIC
    "-//Hibernate/Hibernate Mapping DTD 2.0//EN"
    "http://hibernate.sourceforge.net/hibernate-mapping-2.0.dtd">

<hibernate-mapping>
    <class
        name="com.hzjc.hz2004.po.HzZjSb"
        table="HZ_ZJ_SB"
        dynamic-insert="true"
        dynamic-update="true"
    >

       <id  name="id"  column="id"  >
          <generator class="assigned">
         </generator>
        </id>

        <property name="sqrxm" column="SQRXM"/>
        <property name="sqrsfz" column="SQRSFZ"/>
        <property name="sqrlxdh" column="SQRLXDH"/>
        <property name="sqrlxdz" column="SQRLXDZ"/>
        <property name="ywlb" column="YWLB"/>
        <property name="bsqrxm" column="BSQRXM"/>
        <property name="bsqrsfz" column="BSQRSFZ"/>
        <property name="czdw" column="CZDW"/>
        <property name="czyh" column="CZYH"/>
        <property name="czsj" column="CZSJ"/>
        <property name="lhbs" column="LHBS"/>
        <property name="lhsfz" column="LHSFZ"/>
        <property name="lhdz" column="LHDZ"/>
        <property name="sbzt" column="SBZT"/>
        <property name="clbs" column="CLBS"/>
        <property name="clsj" column="CLSJ"/>
        <property name="pch" column="PCH"/>
        <property name="ywlbm" column="YWLBM"/>

        <property name="nbgxm" column="nbgxm"/>
        <property name="cym" column="cym"/>
        <property name="csyxzmbh" column="csyxzmbh"/>
        <property name="bsqrxb" column="bsqrxb"/>
        <property name="bsqrmz" column="bsqrmz"/>
        <property name="bsqrcsrq" column="bsqrcsrq"/>
        <property name="btkrgx" column="btkrgx"/>
        <property name="bsqrsjhm" column="bsqrsjhm"/>
        <property name="zxyy" column="zxyy"/>
    </class>
</hibernate-mapping>
