<?xml version="1.0"?>

<!DOCTYPE hibernate-mapping PUBLIC
    "-//Hibernate/Hibernate Mapping DTD 2.0//EN"
    "http://hibernate.sourceforge.net/hibernate-mapping-2.0.dtd">

<hibernate-mapping>
    <class
        name="com.hzjc.hz2004.po.PoDZZJ_SBXXB"
        table="DZZJ_SBXXB"
        dynamic-insert="true"
        dynamic-update="true"
    >

       <id  name="sbglh"  column="SBGLH"  >
          <generator class="assigned">
         </generator>
        </id>

        <property name="dwdm" column="DWDM"/>
        <property name="zcsj" column="ZCSJ"/>
        <property name="zxsj" column="ZXSJ"/>
        <property name="sbzt" column="SBZT"/>
        <property name="sbid" column="SBID"/>
    </class>

</hibernate-mapping>
