<?xml version="1.0"?>

<!DOCTYPE hibernate-mapping PUBLIC
    "-//Hibernate/Hibernate Mapping DTD 2.0//EN" 
    "http://hibernate.sourceforge.net/hibernate-mapping-2.0.dtd">

<hibernate-mapping>
    <class
        name="com.hzjc.hz2004.po.PoHJXZ_BGDYZDKZB"
        table="HJXZ_BGDYZDKZB"
        dynamic-insert="true"     
        dynamic-update="true"     
    >

       <id  name="zdkzid"  column="ZDKZID"  >
          <generator class="assigned">
         </generator>
        </id>

        <property name="zdmc" column="ZDMC"/>
        <property name="zdhy" column="ZDHY"/>
        <property name="kzbz" column="KZBZ"/>
    </class>

</hibernate-mapping>
