<?xml version="1.0"?>

<!DOCTYPE hibernate-mapping PUBLIC
    "-//Hibernate/Hibernate Mapping DTD 2.0//EN"
    "http://hibernate.sourceforge.net/hibernate-mapping-2.0.dtd">

<hibernate-mapping>
    <class name="com.hzjc.hz2004.po.PoHJXX_ZPLSB"
        table="HJXX_ZPLSB"
        dynamic-insert="true"
        dynamic-update="true">

       <id  name="zplsid"  column="ZPLSID"  >
          <generator class="assigned">
         </generator>
        </id>

	<property name="slh" column="SLH"/>
        <property name="gmsfhm" column="GMSFHM"/>
        <property name="zpid" column="ZPID"/>
        <property name="ryid" column="RYID"/>
        <property name="rynbid" column="RYNBID"/>
        <property name="zp" column="ZP" type="com.hzjc.wsstruts.hibernate.usertype.BinaryBlobType"/>
        <property name="bcsj" column="BCSJ"/>
		<property name="jlbz" column="JLBZ"/>
	<property name="czrid" column="CZRID"/>
    </class>

</hibernate-mapping>
