<?xml version="1.0" encoding="utf-8"?>
<!DOCTYPE hibernate-mapping PUBLIC "-//Hibernate/Hibernate Mapping DTD 3.0//EN"
	"http://hibernate.sourceforge.net/hibernate-mapping-3.0.dtd">
<hibernate-mapping>
    <class
        name="com.hzjc.hz2004.po.PoHJTJ_HBDXXB"
        table="HJTJ_HBDXXB"
        dynamic-insert="true"     
        dynamic-update="true"     
    >

       <id  name="hbdid"  column="HBDID"  >
          <generator class="assigned">
         </generator>
        </id>

        <property name="hhnbid" column="HHNBID"/>
        <property name="bdfw" column="BDFW"/>
        <property name="bdyy" column="BDYY"/>
        <property name="bdsj" column="BDSJ"/>
        <property name="ywnr" column="YWNR"/>
        <property name="hzjs" column="HZJS"/>
        <property name="hjywid" column="HJYWID"/>
        <property name="cxbz" column="CXBZ"/>
        <property name="cxsj" column="CXSJ"/>
        <property name="cxrid" column="CXRID"/>
        <property name="cxhjywid" column="CXHJYWID"/>
    </class>

</hibernate-mapping>
