<?xml version="1.0" encoding="utf-8"?>
<!DOCTYPE hibernate-mapping PUBLIC "-//Hibernate/Hibernate Mapping DTD 3.0//EN"
	"http://hibernate.sourceforge.net/hibernate-mapping-3.0.dtd">
<hibernate-mapping>
    <class
        name="com.hzjc.hz2004.po.PoHJXX_HXXB"
        table="HJXX_HXXB"
        dynamic-insert="true"     
        dynamic-update="true"     
    >

       <id  name="hhnbid"  column="HHNBID"  >
          <generator class="assigned">
         </generator>
        </id>

        <property name="hhid" column="HHID"/>
        <property name="mlpnbid" column="MLPNBID"/>
        <property name="hh" column="HH"/>
        <property name="hlx" column="HLX"/>
        <property name="jhlb" column="JHLB"/>
        <property name="chlb" column="CHLB"/>
        <property name="jhsj" column="JHSJ"/>
        <property name="chsj" column="CHSJ"/>
        <property name="cjhjywid" column="CJHJYWID"/>
        <property name="cchjywid" column="CCHJYWID"/>
        <property name="bdfw" column="BDFW"/>
        <property name="bdyy" column="BDYY"/>
        <property name="hhzt" column="HHZT"/>
        <property name="lxdbid" column="LXDBID"/>
        <property name="jlbz" column="JLBZ"/>
        <property name="qysj" column="QYSJ"/>
        <property name="jssj" column="JSSJ"/>
        <property name="cxbz" column="CXBZ"/>
    </class>

</hibernate-mapping>
