<?xml version="1.0" encoding="utf-8"?>
<!DOCTYPE hibernate-mapping PUBLIC "-//Hibernate/Hibernate Mapping DTD 3.0//EN"
	"http://hibernate.sourceforge.net/hibernate-mapping-3.0.dtd">
<hibernate-mapping>
    <class
        name="com.hzjc.hz2004.po.PoHJLS_HJYWLSB"
        table="HJLS_HJYWLSB"
        dynamic-insert="true"
        dynamic-update="true"
    >

       <id  name="hjywid"  column="HJYWID"  >
          <generator class="assigned">
         </generator>
        </id>

        <property name="sldw" column="SLDW"/>
        <property name="slrid" column="SLRID"/>
        <property name="ywbz" column="YWBZ"/>
        <property name="ywlx" column="YWLX"/>
        <property name="czsm" column="CZSM"/>
        <property name="sbsj" column="SBSJ"/>
        <property name="sbryxm" column="SBRYXM"/>
        <property name="sbrgmsfhm" column="SBRGMSFHM"/>
        <property name="slsj" column="SLSJ"/>
	<property name="czip" column="CZIP"/>
    </class>

</hibernate-mapping>
