<?xml version="1.0" encoding="utf-8"?>
<!DOCTYPE hibernate-mapping PUBLIC "-//Hibernate/Hibernate Mapping DTD 3.0//EN"
	"http://hibernate.sourceforge.net/hibernate-mapping-3.0.dtd">
<hibernate-mapping>
    <class
        name="com.hzjc.hz2004.po.PoHJYW_QCZXXXB"
        table="HJYW_QCZXXXB"
        dynamic-insert="true"
        dynamic-update="true"
    >

       <id  name="qczxid"  column="QCZXID"  >
          <generator class="assigned">
         </generator>
        </id>

        <property name="qwdmlph" column="QWDMLPH"/>
        <property name="qwdpcs" column="QWDPCS"/>
        <property name="qwdxzjd" column="QWDXZJD"/>
        <property name="qwdjwh" column="QWDJWH"/>
        <property name="qwdjlx" column="QWDJLX"/>
        <property name="qwdjwzrq" column="QWDJWZRQ"/>
        <property name="rynbid" column="RYNBID"/>
        <property name="qclb" column="QCLB"/>
        <property name="qcrq" column="QCRQ"/>
        <property name="qwdgjdq" column="QWDGJDQ"/>
        <property name="qwdssxq" column="QWDSSXQ"/>
        <property name="qwdxz" column="QWDXZ"/>
        <property name="qyzbh" column="QYZBH"/>
        <property name="zqzbh" column="ZQZBH"/>
        <property name="bdfw" column="BDFW"/>
        <property name="hjywid" column="HJYWID"/>
        <property name="cxbz" column="CXBZ"/>
        <property name="cxsj" column="CXSJ"/>
        <property name="cxrid" column="CXRID"/>
        <property name="cxhjywid" column="CXHJYWID"/>

        <property name="sbsj" column="SBSJ"/>
        <property name="sbryxm" column="SBRYXM"/>
        <property name="sbrgmsfhm" column="SBRGMSFHM"/>
        <property name="slsj" column="SLSJ"/>
        <property name="sldw" column="SLDW"/>
        <property name="slrid" column="SLRID"/>

        <property name="xm" column="XM"/>
        <property name="gmsfhm" column="GMSFHM"/>
        <property name="mz" column="MZ"/>
        <property name="xb" column="XB"/>
        <property name="csrq" column="CSRQ"/>
        <property name="cssj" column="CSSJ"/>
        <property name="csdssxq" column="CSDSSXQ"/>
        <property name="ssxq" column="SSXQ"/>
        <property name="jlx" column="JLX"/>
        <property name="mlph" column="MLPH"/>
        <property name="mlxz" column="MLXZ"/>
        <property name="pcs" column="PCS"/>
        <property name="zrq" column="ZRQ"/>
        <property name="xzjd" column="XZJD"/>
        <property name="jcwh" column="JCWH"/>
        <property name="pxh" column="PXH"/>
        <property name="ryid" column="RYID"/>
        <property name="hhnbid" column="HHNBID"/>
	<property name="hhid" column="HHID"/>
        <property name="mlpnbid" column="MLPNBID"/>
        <property name="mlpid" column="MLPID"/>
        <property name="hb" column="HB"/>

        <property name="yhzgx" column="YHZGX"/>
        <property name="hzxm" column="HZXM"/>
        <property name="hzgmsfhm" column="HZGMSFHM"/>
        <property name="ywlx" column="YWLX"/>
        <property name="czsm" column="CZSM"/>

        <property name="sbrjtgx" column="SBRJTGX"/>
        <property name="bz" column="BZ"/>
        <property name="zqzhyxx" column="ZQZHYXX"/>
        <property name="cxfldm" column="CXFLDM"/>

	<property name="kdqqy_dqbm" column="KDQQY_DQBM"/>
	<property name="kdqqy_yhm" column="KDQQY_YHM"/>
	<property name="kdqqy_yhid" column="KDQQY_YHID"/>
	<property name="kdqqy_cgbz" column="KDQQY_CGBZ"/>
    </class>
</hibernate-mapping>
