<?xml version="1.0" encoding="utf-8"?>
<!DOCTYPE hibernate-mapping PUBLIC "-//Hibernate/Hibernate Mapping DTD 3.0//EN"
	"http://hibernate.sourceforge.net/hibernate-mapping-3.0.dtd">
<hibernate-mapping>
    <class
        name="com.hzjc.hz2004.po.PoHJYW_HCYBDXXB"
        table="HJYW_HCYBDXXB"
        dynamic-insert="true"
        dynamic-update="true"
    >

       <id  name="hcybdid"  column="HCYBDID"  >
          <generator class="assigned">
         </generator>
        </id>

        <property name="rynbid" column="RYNBID"/>
        <property name="ygx" column="YGX"/>
        <property name="xgx" column="XGX"/>
        <property name="hcybdlb" column="HCYBDLB"/>
        <property name="hcybdlx" column="HCYBDLX"/>
        <property name="hcybdrq" column="HCYBDRQ"/>
        <property name="hjywid" column="HJYWID"/>
        <property name="cxbz" column="CXBZ"/>
        <property name="cxsj" column="CXSJ"/>
        <property name="cxrid" column="CXRID"/>
        <property name="cxhjywid" column="CXHJYWID"/>
        <property name="sbsj" column="SBSJ"/>
        <property name="sbryxm" column="SBRYXM"/>
        <property name="sbrgmsfhm" column="SBRGMSFHM"/>
        <property name="slsj" column="SLSJ"/>
        <property name="sldw" column="SLDW"/>
        <property name="slrid" column="SLRID"/>
        <property name="ryid" column="RYID"/>

	<property name="gmsfhm" column="GMSFHM"/>
	<property name="xm" column="XM"/>
	<property name="xb" column="XB"/>
	<property name="mz" column="MZ"/>
	<property name="csrq" column="CSRQ"/>
	<property name="cssj" column="CSSJ"/>
	<property name="csdssxq" column="CSDSSXQ"/>
	<property name="zpid" column="ZPID"/>
	<property name="mlpnbid" column="MLPNBID"/>
	<property name="ssxq" column="SSXQ"/>
	<property name="jlx" column="JLX"/>
	<property name="mlph" column="MLPH"/>
	<property name="mlxz" column="MLXZ"/>
	<property name="pcs" column="PCS"/>
	<property name="zrq" column="ZRQ"/>
	<property name="xzjd" column="XZJD"/>
	<property name="jcwh" column="JCWH"/>
	<property name="pxh" column="PXH"/>
	<property name="mlpid" column="MLPID"/>
	<property name="hhid" column="HHID"/>
	<property name="hhnbid" column="HHNBID"/>
	<property name="hh" column="HH"/>
	<property name="hlx" column="HLX"/>
    </class>

</hibernate-mapping>
