<?xml version="1.0"?>

<!DOCTYPE hibernate-mapping PUBLIC
    "-//Hibernate/Hibernate Mapping DTD 2.0//EN" 
    "http://hibernate.sourceforge.net/hibernate-mapping-2.0.dtd">

<hibernate-mapping>
    <class
        name="com.hzjc.hz2004.po.PoHJYW_HFHKXXB"
        table="HJYW_HFHKXXB"
        dynamic-insert="true"     
        dynamic-update="true"     
    >

       <id  name="hfhkid"  column="HFHKID"  >
          <generator class="assigned">
         </generator>
        </id>

        <property name="bhfrynbid" column="BHFRYNBID"/>
        <property name="hfhkyy" column="HFHKYY"/>
        <property name="hjywid" column="HJYWID"/>
    </class>

</hibernate-mapping>
