<?xml version="1.0" encoding="utf-8"?>
<!DOCTYPE hibernate-mapping PUBLIC "-//Hibernate/Hibernate Mapping DTD 3.0//EN"
	"http://hibernate.sourceforge.net/hibernate-mapping-3.0.dtd">
<hibernate-mapping>
    <class
        name="com.hzjc.hz2004.po.PoHJSP_BGSPZB"
        table="HJSP_BGSPZB"
        dynamic-insert="true"     
        dynamic-update="true"     
    >

       <id  name="bgzid"  column="BGZID"  >
          <generator class="assigned">
         </generator>
        </id>

        <property name="spywid" column="SPYWID"/>
        <property name="bggzxm" column="BGGZXM"/>
        <property name="bgqnr" column="BGQNR"/>
        <property name="bghnr" column="BGHNR"/>
        <property name="bglb" column="BGLB"/>
        <property name="bgrq" column="BGRQ"/>
    </class>

</hibernate-mapping>
