<?xml version="1.0"?>

<!DOCTYPE hibernate-mapping PUBLIC
    "-//Hibernate/Hibernate Mapping DTD 2.0//EN" 
    "http://hibernate.sourceforge.net/hibernate-mapping-2.0.dtd">

<hibernate-mapping>
    <class
        name="com.hzjc.hz2004.po.PoLSSFZ_DYXXB"
        table="LSSFZ_DYXXB"
        dynamic-insert="true"     
        dynamic-update="true"     
    >

       <id  name="lsdyid"  column="LSDYID"  >
          <generator class="assigned">
         </generator>
        </id>

        <property name="lsslid" column="LSSLID"/>
        <property name="ryid" column="RYID"/>
        <property name="lsjmsfzkh" column="LSJMSFZKH"/>
        <property name="czyid" column="CZYID"/>
        <property name="czsj" column="CZSJ"/>
        <property name="czyip" column="CZYIP"/>
    </class>

</hibernate-mapping>
