<?xml version="1.0"?>

<!DOCTYPE hibernate-mapping PUBLIC
    "-//Hibernate/Hibernate Mapping DTD 2.0//EN" 
    "http://hibernate.sourceforge.net/hibernate-mapping-2.0.dtd">

<hibernate-mapping>
    <class
        name="com.hzjc.hz2004.po.PoOLD_HJYW_CSDJXXB"
        table="OLD_HJYW_CSDJXXB"
        dynamic-insert="true"     
        dynamic-update="true"     
    >

       <id  name="csdjid"  column="CSDJID"  >
          <generator class="assigned">
         </generator>
        </id>

        <property name="rynbid" column="RYNBID"/>
        <property name="cszmbh" column="CSZMBH"/>
        <property name="csdjlb" column="CSDJLB"/>
        <property name="hjywid" column="HJYWID"/>
        <property name="cxbz" column="CXBZ"/>
        <property name="cxsj" column="CXSJ"/>
        <property name="cxrid" column="CXRID"/>
        <property name="cxhjywid" column="CXHJYWID"/>
        <property name="tbbz" column="TBBZ"/>
        <property name="bwbh" column="BWBH"/>
        <property name="sbsj" column="SBSJ"/>
        <property name="sbryxm" column="SBRYXM"/>
        <property name="sbrgmsfhm" column="SBRGMSFHM"/>
        <property name="slsj" column="SLSJ"/>
        <property name="sldw" column="SLDW"/>
        <property name="slrid" column="SLRID"/>
        <property name="ywlx" column="YWLX"/>
        <property name="czsm" column="CZSM"/>
        <property name="hlx" column="HLX"/>
        <property name="hh" column="HH"/>
        <property name="csdxz" column="CSDXZ"/>
        <property name="xx" column="XX"/>
        <property name="hb" column="HB"/>
        <property name="csdgjdq" column="CSDGJDQ"/>
        <property name="jhryxm" column="JHRYXM"/>
        <property name="jhrygmsfhm" column="JHRYGMSFHM"/>
        <property name="jhryjhgx" column="JHRYJHGX"/>
        <property name="jhrexm" column="JHREXM"/>
        <property name="jhregmsfhm" column="JHREGMSFHM"/>
        <property name="jhrejhgx" column="JHREJHGX"/>
        <property name="fqxm" column="FQXM"/>
        <property name="fqgmsfhm" column="FQGMSFHM"/>
        <property name="mqxm" column="MQXM"/>
        <property name="mqgmsfhm" column="MQGMSFHM"/>
        <property name="jggjdq" column="JGGJDQ"/>
        <property name="jgssxq" column="JGSSXQ"/>
        <property name="xm" column="XM"/>
        <property name="gmsfhm" column="GMSFHM"/>
        <property name="mz" column="MZ"/>
        <property name="xb" column="XB"/>
        <property name="csrq" column="CSRQ"/>
        <property name="cssj" column="CSSJ"/>
        <property name="csdssxq" column="CSDSSXQ"/>
        <property name="ryid" column="RYID"/>
        <property name="hhnbid" column="HHNBID"/>
        <property name="ssxq" column="SSXQ"/>
        <property name="jlx" column="JLX"/>
        <property name="mlph" column="MLPH"/>
        <property name="mlxz" column="MLXZ"/>
        <property name="pcs" column="PCS"/>
        <property name="zrq" column="ZRQ"/>
        <property name="xzjd" column="XZJD"/>
        <property name="jcwh" column="JCWH"/>
        <property name="pxh" column="PXH"/>
        <property name="mlpnbid" column="MLPNBID"/>
        <property name="yhzgx" column="YHZGX"/>
        <property name="hzxm" column="HZXM"/>
        <property name="hzgmsfhm" column="HZGMSFHM"/>
        <property name="hhid" column="HHID"/>
        <property name="mlpid" column="MLPID"/>
    </class>

</hibernate-mapping>
