<?xml version="1.0"?>

<!DOCTYPE hibernate-mapping PUBLIC
    "-//Hibernate/Hibernate Mapping DTD 2.0//EN"
    "http://hibernate.sourceforge.net/hibernate-mapping-2.0.dtd">

<hibernate-mapping>
    <class
        name="com.hzjc.hz2004.po.PoQHTZHHKZB"
        table="QHTZHHKZB"
        dynamic-insert="true"
        dynamic-update="true"
    >

        <id  name="tzqhhid"  column="TZQHHID"  >
          <generator class="assigned">
         </generator>
        </id>

	<property name="tzhhhid" column="TZHHHID"/>
        <property name="tzqhhnbid" column="TZQHHNBID"/>
        <property name="tzhhhnbid" column="TZHHHNBID"/>
        <property name="tzsj" column="TZSJ"/>
    </class>

</hibernate-mapping>
