<?xml version="1.0"?>

<!DOCTYPE hibernate-mapping PUBLIC
    "-//Hibernate/Hibernate Mapping DTD 2.0//EN"
    "http://hibernate.sourceforge.net/hibernate-mapping-2.0.dtd">

<hibernate-mapping>
    <class
        name="com.hzjc.hz2004.po.PoV_HJ_HBDXXB"
        table="V_HJ_HBDXXB"
        dynamic-insert="true"
        dynamic-update="true"
    >
       <id  name="hbdid"  column="HBDID"  >
          <generator class="assigned">
         </generator>
        </id>
<!--
        <property name="hbdid" column="HBDID"/>
-->
        <property name="hhnbid" column="HHNBID"/>
        <property name="bdfw" column="BDFW"/>
        <property name="bdyy" column="BDYY"/>
        <property name="bdsj" column="BDSJ"/>
        <property name="ywnr" column="YWNR"/>
        <property name="hzjs" column="HZJS"/>
        <property name="hjywid" column="HJYWID"/>
        <property name="cxbz" column="CXBZ"/>
        <property name="cxsj" column="CXSJ"/>
        <property name="cxrid" column="CXRID"/>
        <property name="cxhjywid" column="CXHJYWID"/>
        <property name="mlpnbid" column="MLPNBID"/>
        <property name="mlpid" column="MLPID"/>
        <property name="ssxq" column="SSXQ"/>
        <property name="jlx" column="JLX"/>
        <property name="mlph" column="MLPH"/>
        <property name="mlxz" column="MLXZ"/>
        <property name="pcs" column="PCS"/>
        <property name="zrq" column="ZRQ"/>
        <property name="xzjd" column="XZJD"/>
        <property name="jcwh" column="JCWH"/>
        <property name="jdlb" column="JDLB"/>
        <property name="cdlb" column="CDLB"/>
        <property name="jdsj" column="JDSJ"/>
        <property name="cdsj" column="CDSJ"/>
        <property name="cjhjywid" column="CJHJYWID"/>
        <property name="cchjywid" column="CCHJYWID"/>
        <property name="mlpzt" column="MLPZT"/>
        <property name="lxdbid" column="LXDBID"/>
        <property name="jlbz" column="JLBZ"/>
        <property name="qysj" column="QYSJ"/>
        <property name="jssj" column="JSSJ"/>
        <property name="pxh" column="PXH"/>
        <property name="ywbz" column="YWBZ"/>
        <property name="ywlx" column="YWLX"/>
        <property name="czsm" column="CZSM"/>
        <property name="sbsj" column="SBSJ"/>
        <property name="sbryxm" column="SBRYXM"/>
        <property name="sbrgmsfhm" column="SBRGMSFHM"/>
        <property name="slsj" column="SLSJ"/>
        <property name="sldw" column="SLDW"/>
        <property name="slrid" column="SLRID"/>
    </class>

</hibernate-mapping>
