<?xml version="1.0"?>

<!DOCTYPE hibernate-mapping PUBLIC
    "-//Hibernate/Hibernate Mapping DTD 2.0//EN"
    "http://hibernate.sourceforge.net/hibernate-mapping-2.0.dtd">

<hibernate-mapping>
    <class
        name="com.hzjc.hz2004.po.PoV_HJ_QRDJXXB"
        table="V_HJ_QRDJXXB"
        dynamic-insert="true"
        dynamic-update="true"
    >

	<id  name="qrdjid"  column="QRDJID"  >
          <generator class="assigned">
         </generator>
        </id>

	<!--
        <property name="qrdjid" column="QRDJID"/>
        -->
        <property name="rynbid" column="RYNBID"/>
        <property name="qrqhb" column="QRQHB"/>
        <property name="qrlb" column="QRLB"/>
        <property name="qrrq" column="QRRQ"/>
        <property name="qcdgjdq" column="QCDGJDQ"/>
        <property name="qcdssxq" column="QCDSSXQ"/>
        <property name="qcdxz" column="QCDXZ"/>
        <property name="qyzbh" column="QYZBH"/>
        <property name="zqzbh" column="ZQZBH"/>
        <property name="nbsfzid" column="NBSFZID"/>
        <property name="bdfw" column="BDFW"/>
        <property name="hjywid" column="HJYWID"/>
        <property name="cxbz" column="CXBZ"/>
        <property name="cxrid" column="CXRID"/>
        <property name="cxsj" column="CXSJ"/>
        <property name="cxhjywid" column="CXHJYWID"/>
        <property name="ryid" column="RYID"/>
        <property name="hhnbid" column="HHNBID"/>
        <property name="gmsfhm" column="GMSFHM"/>
        <property name="xm" column="XM"/>
        <property name="cym" column="CYM"/>
        <property name="xb" column="XB"/>
        <property name="mz" column="MZ"/>
        <property name="dhhm" column="DHHM"/>
        <property name="csrq" column="CSRQ"/>
        <property name="cssj" column="CSSJ"/>
        <property name="csdgjdq" column="CSDGJDQ"/>
        <property name="csdssxq" column="CSDSSXQ"/>
        <property name="csdxz" column="CSDXZ"/>
        <property name="jhrygmsfhm" column="JHRYGMSFHM"/>
        <property name="jhryxm" column="JHRYXM"/>
        <property name="jhryjhgx" column="JHRYJHGX"/>
        <property name="jhregmsfhm" column="JHREGMSFHM"/>
        <property name="jhrexm" column="JHREXM"/>
        <property name="jhrejhgx" column="JHREJHGX"/>
        <property name="fqgmsfhm" column="FQGMSFHM"/>
        <property name="fqxm" column="FQXM"/>
        <property name="mqgmsfhm" column="MQGMSFHM"/>
        <property name="mqxm" column="MQXM"/>
        <property name="pogmsfhm" column="POGMSFHM"/>
        <property name="poxm" column="POXM"/>
        <property name="jggjdq" column="JGGJDQ"/>
        <property name="jgssxq" column="JGSSXQ"/>
        <property name="zjxy" column="ZJXY"/>
        <property name="whcd" column="WHCD"/>
        <property name="hyzk" column="HYZK"/>
        <property name="byzk" column="BYZK"/>
        <property name="sg" column="SG"/>
        <property name="xx" column="XX"/>
        <property name="zy" column="ZY"/>
        <property name="zylb" column="ZYLB"/>
        <property name="fwcs" column="FWCS"/>
        <property name="xxjb" column="XXJB"/>
        <property name="hb" column="HB"/>
        <property name="yhzgx" column="YHZGX"/>
        <property name="qtssxq" column="QTSSXQ"/>
        <property name="qtzz" column="QTZZ"/>
        <property name="bz" column="BZ"/>
        <property name="mlpnbid" column="MLPNBID"/>
        <property name="ssxq" column="SSXQ"/>
        <property name="jlx" column="JLX"/>
        <property name="mlph" column="MLPH"/>
        <property name="mlxz" column="MLXZ"/>
        <property name="pcs" column="PCS"/>
        <property name="zrq" column="ZRQ"/>
        <property name="xzjd" column="XZJD"/>
        <property name="jcwh" column="JCWH"/>
        <property name="pxh" column="PXH"/>
        <property name="ywlx" column="YWLX"/>
        <property name="czsm" column="CZSM"/>
        <property name="sbsj" column="SBSJ"/>
        <property name="sbryxm" column="SBRYXM"/>
        <property name="sbrgmsfhm" column="SBRGMSFHM"/>
        <property name="slsj" column="SLSJ"/>
        <property name="sldw" column="SLDW"/>
        <property name="slrid" column="SLRID"/>
        <property name="qfjg" column="QFJG"/>
        <property name="yxqxqsrq" column="YXQXQSRQ"/>
        <property name="yxqxjzrq" column="YXQXJZRQ"/>
        <property name="hzxm" column="HZXM"/>
        <property name="hhid" column="HHID"/>
        <property name="hzgmsfhm" column="HZGMSFHM"/>
        <property name="qyzhyxx" column="QYZHYXX"/>
        <property name="cxfldm" column="CXFLDM"/>
    </class>

</hibernate-mapping>
