<?xml version="1.0"?>

<!DOCTYPE hibernate-mapping PUBLIC
    "-//Hibernate/Hibernate Mapping DTD 2.0//EN"
    "http://hibernate.sourceforge.net/hibernate-mapping-2.0.dtd">

<hibernate-mapping>
    <class
        name="com.hzjc.hz2004.po.PoV_ZJ_YDZSLXXB"
        table="V_ZJ_YDZSLXXB"
        dynamic-insert="true"
        dynamic-update="true"
    >
       <id  name="bzslid"  column="BZSLID"  >
          <generator class="assigned">
         </generator>
        </id>
<!--
        <property name="bzslid" column="BZSLID"/>
-->
        <property name="rynbid" column="RYNBID"/>
        <property name="zpid" column="ZPID"/>
        <property name="zz1" column="ZZ1"/>
        <property name="zz2" column="ZZ2"/>
        <property name="zz3" column="ZZ3"/>
        <property name="qfrq" column="QFRQ"/>
        <property name="yxqx" column="YXQX"/>
        <property name="bzlb" column="BZLB"/>
        <property name="bzyy" column="BZYY"/>
        <property name="blnf" column="BLNF"/>
        <property name="blbz" column="BLBZ"/>
        <property name="dkdy" column="DKDY"/>
        <property name="tkzd" column="TKZD"/>
        <property name="zjywid" column="ZJYWID"/>
        <property name="cxbz" column="CXBZ"/>
        <property name="cxsj" column="CXSJ"/>
        <property name="cxrid" column="CXRID"/>
        <property name="cxzjywid" column="CXZJYWID"/>
        <property name="ryid" column="RYID"/>
        <property name="gmsfhm" column="GMSFHM"/>
        <property name="xm" column="XM"/>
        <property name="xb" column="XB"/>
        <property name="mz" column="MZ"/>
        <property name="csrq" column="CSRQ"/>
        <property name="csdssxq" column="CSDSSXQ"/>
        <property name="mlpnbid" column="MLPNBID"/>
        <property name="ssxq" column="SSXQ"/>
        <property name="jlx" column="JLX"/>
        <property name="mlph" column="MLPH"/>
        <property name="mlxz" column="MLXZ"/>
        <property name="pcs" column="PCS"/>
        <property name="zrq" column="ZRQ"/>
        <property name="xzjd" column="XZJD"/>
        <property name="jcwh" column="JCWH"/>
        <property name="pxh" column="PXH"/>
        <property name="ywbz" column="YWBZ"/>
        <property name="czyid" column="CZYID"/>
        <property name="czsj" column="CZSJ"/>
    </class>

</hibernate-mapping>
