<?xml version="1.0"?>

<!DOCTYPE hibernate-mapping PUBLIC
    "-//Hibernate/Hibernate Mapping DTD 2.0//EN"
    "http://hibernate.sourceforge.net/hibernate-mapping-2.0.dtd">

<hibernate-mapping>
    <class
        name="com.hzjc.hz2004.po.PoV_ZJ_SHQFXXB"
        table="V_ZJ_SHQFXXB"
        dynamic-insert="true"
        dynamic-update="true"
    >
       <id  name="shqfid"  column="SHQFID"  >
          <generator class="assigned">
         </generator>
        </id>
<!--
        <property name="shqfid" column="SHQFID"/>
-->
        <property name="rynbid" column="RYNBID"/>
        <property name="nbslid" column="NBSLID"/>
        <property name="shqflx" column="SHQFLX"/>
        <property name="shrq" column="SHRQ"/>
        <property name="shrid" column="SHRID"/>
        <property name="shdw" column="SHDW"/>
        <property name="shqk" column="SHQK"/>
        <property name="qfrq" column="QFRQ"/>
        <property name="qfrid" column="QFRID"/>
        <property name="qfdw" column="QFDW"/>
        <property name="zjywid" column="ZJYWID"/>
        <property name="cxbz" column="CXBZ"/>
        <property name="cxsj" column="CXSJ"/>
        <property name="cxrid" column="CXRID"/>
        <property name="cxzjywid" column="CXZJYWID"/>
        <property name="ryid" column="RYID"/>
        <property name="gmsfhm" column="GMSFHM"/>
        <property name="xm" column="XM"/>
        <property name="xb" column="XB"/>
        <property name="mz" column="MZ"/>
        <property name="csrq" column="CSRQ"/>
        <property name="csdssxq" column="CSDSSXQ"/>
        <property name="mlpnbid" column="MLPNBID"/>
        <property name="ssxq" column="SSXQ"/>
        <property name="jlx" column="JLX"/>
        <property name="mlph" column="MLPH"/>
        <property name="mlxz" column="MLXZ"/>
        <property name="pcs" column="PCS"/>
        <property name="zrq" column="ZRQ"/>
        <property name="xzjd" column="XZJD"/>
        <property name="jcwh" column="JCWH"/>
        <property name="pxh" column="PXH"/>
        <property name="ywbz" column="YWBZ"/>
        <property name="czyid" column="CZYID"/>
        <property name="czsj" column="CZSJ"/>
        <property name="slh" column="SLH"/>
        <property name="zpid" column="ZPID"/>
        <property name="qfjg" column="QFJG"/>
        <property name="yxqxqsrq" column="YXQXQSRQ"/>
        <property name="yxqxjzrq" column="YXQXJZRQ"/>
        <property name="zz" column="ZZ"/>
        <property name="slyy" column="SLYY"/>
        <property name="zzlx" column="ZZLX"/>
        <property name="lqfs" column="LQFS"/>
        <property name="sflx" column="SFLX"/>
        <property name="sfje" column="SFJE"/>
        <property name="slzt" column="SLZT"/>
    </class>

</hibernate-mapping>
