<?xml version="1.0"?>

<!DOCTYPE hibernate-mapping PUBLIC
    "-//Hibernate/Hibernate Mapping DTD 2.0//EN"
    "http://hibernate.sourceforge.net/hibernate-mapping-2.0.dtd">

<hibernate-mapping>
    <class
        name="com.hzjc.hz2004.po.PoWW_PJXXB"
        table="WW_PJXXB"
        dynamic-insert="true"
        dynamic-update="true"
    >
       <id  name="pjid"  column="PJID"  >
          <generator class="assigned">
         </generator>
        </id>

        <property name="pjjg" column="PJJG"/>
        <property name="pjrlxfs" column="PJRLXFS"/>
        <property name="pjkssj" column="PJKSSJ"/>
        <property name="pjjssj" column="PJJSSJ"/>
        <property name="bpjrid" column="BPJRID"/>
		<property name="bpjrdlm" column="BPJRDLM"/>
		<property name="bpjrxm" column="BPJRXM"/>
        <property name="bpjdw" column="BPJDW"/>
		<property name="ywzs" column="YWZS"/>
    </class>

</hibernate-mapping>
