<?xml version="1.0"?>

<!DOCTYPE hibernate-mapping PUBLIC
    "-//Hibernate/Hibernate Mapping DTD 2.0//EN"
    "http://hibernate.sourceforge.net/hibernate-mapping-2.0.dtd">

<hibernate-mapping>
    <class
        name="com.hzjc.hz2004.po.PoWW_TFBDJGXXB"
        table="WW_TFBDJGXXB"
        dynamic-insert="true"
        dynamic-update="true"
    >
       <id  name="bdid"  column="BDID"  >
          <generator class="assigned">
         </generator>
        </id>

        <property name="pptj" column="PPTJ"/>
        <property name="bdywbh" column="BDYWBH"/>
        <property name="bdyj" column="BDYJ"/>
        <property name="czsj" column="CZSJ"/>
        <property name="czrid" column="CZRID"/>
        <property name="czrip" column="CZRIP"/>
        <property name="czrdw" column="CZRDW"/>
        <property name="czrxm" column="CZRXM"/>
        <property name="czrdlm" column="CZRDLM"/>
        <property name="shrid" column="SHRID"/>
        <property name="shsj" column="SHSJ"/>
        <property name="cljg" column="CLJG"/>
        <property name="clsm" column="CLSM"/>
        <property name="clrid" column="CLRID"/>
        <property name="clsj" column="CLSJ"/>
        <property name="clrip" column="CLRIP"/>
        <property name="ssxq" column="SSXQ"/>
        <property name="jlx" column="JLX"/>
        <property name="mlph" column="MLPH"/>
        <property name="mlxz" column="MLXZ"/>
        <property name="pcs" column="PCS"/>
        <property name="zrq" column="ZRQ"/>
        <property name="xzjd" column="XZJD"/>
        <property name="jcwh" column="JCWH"/>
        <property name="rynbid" column="RYNBID"/>
        <property name="xm" column="XM"/>
        <property name="gmsfhm" column="GMSFHM"/>
        <property name="jlbz" column="JLBZ"/>
    </class>

</hibernate-mapping>
