<?xml version="1.0"?>

<!DOCTYPE hibernate-mapping PUBLIC
    "-//Hibernate/Hibernate Mapping DTD 2.0//EN"
    "http://hibernate.sourceforge.net/hibernate-mapping-2.0.dtd">

<hibernate-mapping>
    <class
        name="com.hzjc.hz2004.po.PoWW_TFBDJKXXB"
        table="WW_TFBDJKXXB"
        dynamic-insert="true"
        dynamic-update="true"
    >
       <id  name="jkid"  column="JKID"  >
          <generator class="assigned">
         </generator>
        </id>
        <property name="jkjndi" column="JKJNDI"/>
        <property name="cxyj" column="CXYJ"/>
        <property name="qybz" column="QYBZ"/>
        <property name="cjsj" column="CJSJ"/>
        <property name="bz" column="BZ"/>
        <property name="fhts" column="FHTS"/>
    </class>

</hibernate-mapping>
