<?xml version="1.0"?>

<!DOCTYPE hibernate-mapping PUBLIC
    "-//Hibernate/Hibernate Mapping DTD 2.0//EN"
    "http://hibernate.sourceforge.net/hibernate-mapping-2.0.dtd">

<hibernate-mapping>
    <class
        name="com.hzjc.hz2004.po.PoWW_RZB"
        table="WW_RZB"
        dynamic-insert="true"
        dynamic-update="true"
    >

       <id  name="rzid"  column="RZID"  >
          <generator class="assigned">
         </generator>
        </id>

        <property name="ywbz" column="YWBZ"/>
        <property name="rznr" column="RZNR"/>
        <property name="ywjg" column="YWJG"/>
        <property name="czsj" column="CZSJ"/>
        <property name="czrid" column="CZRID"/>
        <property name="czrdw" column="CZRDW"/>
        <property name="czrip" column="CZRIP"/>
    </class>

</hibernate-mapping>
