<?xml version="1.0"?>

<!DOCTYPE hibernate-mapping PUBLIC
    "-//Hibernate/Hibernate Mapping DTD 2.0//EN" 
    "http://hibernate.sourceforge.net/hibernate-mapping-2.0.dtd">

<hibernate-mapping>
    <class
        name="com.hzjc.hz2004.po.PoXT_MBLCXXB"
        table="XT_MBLCXXB"
        dynamic-insert="true"     
        dynamic-update="true"     
    >

       <id  name="mblcid"  column="MBLCID"  >
          <generator class="assigned">
         </generator>
        </id>

        <property name="spmbid" column="SPMBID"/>
        <property name="dzid" column="DZID"/>
        <property name="dzz" column="DZZ"/>
        <property name="xgdzid" column="XGDZID"/>
        <property name="dzbz" column="DZBZ"/>
    </class>

</hibernate-mapping>
