<?xml version="1.0"?>

<!DOCTYPE hibernate-mapping PUBLIC
    "-//Hibernate/Hibernate Mapping DTD 2.0//EN"
    "http://hibernate.sourceforge.net/hibernate-mapping-2.0.dtd">

<hibernate-mapping>
    <class
        name="com.hzjc.hz2004.po.PoXT_YHHHXXB"
        table="XT_YHHHXXB"
        dynamic-insert="true"
        dynamic-update="true"
    >

       <id  name="yhhhid"  column="YHHHID"  >
          <generator class="assigned">
         </generator>
        </id>

        <property name="hhid" column="HHID"/>
        <property name="yhip" column="YHIP"/>
        <property name="khdbb" column="KHDBB"/>
        <property name="yhid" column="YHID"/>
    </class>

</hibernate-mapping>
