<?xml version="1.0"?>

<!DOCTYPE hibernate-mapping PUBLIC
    "-//Hibernate/Hibernate Mapping DTD 2.0//EN" 
    "http://hibernate.sourceforge.net/hibernate-mapping-2.0.dtd">

<hibernate-mapping>
    <class
        name="com.hzjc.hz2004.po.PoXT_BSSQB"
        table="XT_BSSQB"
        dynamic-insert="true"     
        dynamic-update="true"     
    >

       <id  name="sqid"  column="SQID"  >
          <generator class="assigned">
         </generator>
        </id>

        <property name="qhdm" column="QHDM"/>
        <property name="sqbz" column="SQBZ"/>
        <property name="gxbz" column="GXBZ"/>
        <property name="qybz" column="QYBZ"/>
        <property name="bdlx" column="BDLX"/>
        <property name="bdsj" column="BDSJ"/>
    </class>

</hibernate-mapping>
