<?xml version="1.0"?>

<!DOCTYPE hibernate-mapping PUBLIC
    "-//Hibernate/Hibernate Mapping DTD 2.0//EN" 
    "http://hibernate.sourceforge.net/hibernate-mapping-2.0.dtd">

<hibernate-mapping>
    <class
        name="com.hzjc.hz2004.po.PoXT_SLHXLB"
        table="XT_SLHXLB"
        dynamic-insert="true"     
        dynamic-update="true"     
    >

       <id  name="xlid"  column="XLID"  >
          <generator class="assigned">
         </generator>
        </id>

        <property name="dwdm" column="DWDM"/>
        <property name="slrq" column="SLRQ"/>
        <property name="slxlid" column="SLXLID"/>
    </class>

</hibernate-mapping>
