<?xml version="1.0"?>

<!DOCTYPE hibernate-mapping PUBLIC
    "-//Hibernate/Hibernate Mapping DTD 2.0//EN" 
    "http://hibernate.sourceforge.net/hibernate-mapping-2.0.dtd">

<hibernate-mapping>
    <class
        name="com.hzjc.hz2004.po.PoXT_SPDZB"
        table="XT_SPDZB"
        dynamic-insert="true"     
        dynamic-update="true"     
    >

       <id  name="dzid"  column="DZID"  >
          <generator class="assigned">
         </generator>
        </id>

        <property name="fwjb" column="FWJB"/>
        <property name="dzmc" column="DZMC"/>
        <property name="ms" column="MS"/>
        <property name="qybz" column="QYBZ"/>
    </class>

</hibernate-mapping>
