<?xml version="1.0" encoding="utf-8"?>
<!DOCTYPE hibernate-mapping PUBLIC "-//Hibernate/Hibernate Mapping DTD 3.0//EN"
	"http://hibernate.sourceforge.net/hibernate-mapping-3.0.dtd">
<hibernate-mapping>
    <class
        name="com.hzjc.hz2004.po.PoXT_XTGNCDB"
        table="XT_XTGNCDB"
        dynamic-insert="true"     
        dynamic-update="true"     
    >

       <id  name="gncdid"  column="GNCDID"  >
          <generator class="assigned">
         </generator>
        </id>

        <property name="cdcc" column="CDCC"/>
        <property name="cdbz" column="CDBZ"/>
        <property name="cdlx" column="CDLX"/>
        <property name="zdlb" column="ZDLB"/>
        <property name="cdmc" column="CDMC"/>
    </class>

</hibernate-mapping>
