<?xml version="1.0" encoding="utf-8"?>
<!DOCTYPE hibernate-mapping PUBLIC "-//Hibernate/Hibernate Mapping DTD 3.0//EN"
	"http://hibernate.sourceforge.net/hibernate-mapping-3.0.dtd">
<hibernate-mapping>
    <class
        name="com.hzjc.hz2004.po.PoXT_XTGNB"
        table="XT_XTGNB"
        dynamic-insert="true"     
        dynamic-update="true"     
    >

       <id  name="gnid"  column="GNID"  >
          <generator class="assigned">
         </generator>
        </id>

        <property name="gnbh" column="GNBH"/>
        <property name="gnmc" column="GNMC"/>
        <property name="gnlx" column="GNLX"/>
        <property name="qybz" column="QYBZ"/>
    </class>

</hibernate-mapping>
