<?xml version="1.0"?>

<!DOCTYPE hibernate-mapping PUBLIC
    "-//Hibernate/Hibernate Mapping DTD 2.0//EN"
    "http://hibernate.sourceforge.net/hibernate-mapping-2.0.dtd">

<hibernate-mapping>
    <class
        name="com.hzjc.hz2004.po.PoXT_YWBBMBXXB"
        table="XT_YWBBMBXXB"
        dynamic-insert="true"
        dynamic-update="true"
    >

       <id  name="ywbbid"  column="YWBBID"  >
          <generator class="assigned">
         </generator>
        </id>

        <property name="ywbblb" column="YWBBLB"/>
        <property name="bbmc" column="BBMC"/>
        <property name="bbmb" column="BBMB" type="com.hzjc.wsstruts.hibernate.usertype.BinaryBlobType"/>
        <property name="jlsj" column="JLSJ"/>
        <property name="jlrid" column="JLRID"/>
        <property name="xgsj" column="XGSJ"/>
        <property name="xgrid" column="XGRID"/>
    </class>

</hibernate-mapping>
