<?xml version="1.0" encoding="utf-8"?>
<!DOCTYPE hibernate-mapping PUBLIC "-//Hibernate/Hibernate Mapping DTD 3.0//EN"
	"http://hibernate.sourceforge.net/hibernate-mapping-3.0.dtd">
<hibernate-mapping>
    <class
        name="com.hzjc.hz2004.po.PoXT_DWXXB"
        table="XT_DWXXB"
        dynamic-insert="true"
        dynamic-update="true"
    >

       <id  name="dm"  column="DM"  >
          <generator class="assigned">
         </generator>
        </id>

        <property name="mc" column="MC"/>
        <property name="zwpy" column="ZWPY"/>
        <property name="wbpy" column="WBPY"/>
        <property name="dwjgdm" column="DWJGDM"/>
        <property name="qhdm" column="QHDM"/>
        <property name="dwjb" column="DWJB"/>
        <property name="bz" column="BZ"/>
        <property name="qybz" column="QYBZ"/>
        <property name="bdlx" column="BDLX"/>
        <property name="bdsj" column="BDSJ"/>
        <property name="fjjgdm" column="FJJGDM"/>
        <property name="fjjgmc" column="FJJGMC"/>
    </class>

</hibernate-mapping>
