<?xml version="1.0"?>

<!DOCTYPE hibernate-mapping PUBLIC
    "-//Hibernate/Hibernate Mapping DTD 2.0//EN" 
    "http://hibernate.sourceforge.net/hibernate-mapping-2.0.dtd">

<hibernate-mapping>
    <class
        name="com.hzjc.hz2004.po.PoXT_YWQXKZB"
        table="XT_YWQXKZB"
        dynamic-insert="true"     
        dynamic-update="true"     
    >

       <id  name="qxkzid"  column="QXKZID"  >
          <generator class="assigned">
         </generator>
        </id>

        <property name="ywid" column="YWID"/>
        <property name="ywmc" column="YWMC"/>
        <property name="xqlx" column="XQLX"/>
        <property name="sjfwxz" column="SJFWXZ"/>
        <property name="yhdtcx" column="YHDTCX"/>
    </class>

</hibernate-mapping>
