<?xml version="1.0"?>

<!DOCTYPE hibernate-mapping PUBLIC
    "-//Hibernate/Hibernate Mapping DTD 2.0//EN"
    "http://hibernate.sourceforge.net/hibernate-mapping-2.0.dtd">

<hibernate-mapping>
    <class
        name="com.hzjc.hz2004.po.PoXT_ZSBBXXB"
        table="XT_ZSBBXXB"
        dynamic-insert="true"
        dynamic-update="true"
    >

       <id  name="zsbbid"  column="ZSBBID"  >
          <generator class="assigned">
         </generator>
        </id>

        <property name="zsbbmbid" column="ZSBBMBID"/>
        <property name="bbmc" column="BBMC"/>
        <property name="bbsjmb" column="BBSJMB" type="com.hzjc.wsstruts.hibernate.usertype.BinaryBlobType"/>
        <property name="jlsj" column="JLSJ"/>
        <property name="scrid" column="SCRID"/>
        <property name="xgsj" column="XGSJ"/>
        <property name="xgrid" column="XGRID"/>
    </class>

</hibernate-mapping>
