<?xml version="1.0" encoding="utf-8"?>
<!DOCTYPE hibernate-mapping PUBLIC "-//Hibernate/Hibernate Mapping DTD 3.0//EN"
	"http://hibernate.sourceforge.net/hibernate-mapping-3.0.dtd">
<hibernate-mapping>
    <class
        name="com.hzjc.hz2004.po.PoXT_LNWSDB"
        table="XT_LNWSDB"
        dynamic-insert="true"
        dynamic-update="true"
    >

       <id  name="wsdid"  column="WSDID"  >
          <generator class="assigned">
         </generator>
        </id>

        <property name="qhdm" column="QHDM"/>
        <property name="dwdm" column="DWDM"/>
        <property name="ksd" column="KSD"/>
        <property name="jsd" column="JSD"/>
        <property name="qyrq" column="QYRQ"/>
        <property name="bz" column="BZ"/>
	<property name="xzjd" column="XZJD"/>
    </class>

</hibernate-mapping>
