<?xml version="1.0"?>

<!DOCTYPE hibernate-mapping PUBLIC
    "-//Hibernate/Hibernate Mapping DTD 2.0//EN" 
    "http://hibernate.sourceforge.net/hibernate-mapping-2.0.dtd">

<hibernate-mapping>
    <class
        name="com.hzjc.hz2004.po.PoXT_CZBDB"
        table="XT_CZBDB"
        dynamic-insert="true"     
        dynamic-update="true"     
    >

       <id  name="bdid"  column="BDID"  >
          <generator class="assigned">
         </generator>
        </id>

        <property name="bdsj" column="BDSJ"/>
        <property name="bdlx" column="BDLX"/>
        <property name="bdbm" column="BDBM"/>
        <property name="bdbzjm" column="BDBZJM"/>
        <property name="bdbid" column="BDBID"/>
        <property name="scsj" column="SCSJ"/>
        <property name="scbz" column="SCBZ"/>
    </class>

</hibernate-mapping>
