<?xml version="1.0"?>

<!DOCTYPE hibernate-mapping PUBLIC
    "-//Hibernate/Hibernate Mapping DTD 2.0//EN"
    "http://hibernate.sourceforge.net/hibernate-mapping-2.0.dtd">

<hibernate-mapping>
    <class
        name="com.hzjc.hz2004.po.PoXT_JWZRQXXB"
        table="XT_JWZRQXXB"
        dynamic-insert="true"
        dynamic-update="true"
    >

       <id  name="dm"  column="DM"  >
          <generator class="assigned">
         </generator>
        </id>

        <property name="mc" column="MC"/>
        <property name="zwpy" column="ZWPY"/>
        <property name="wbpy" column="WBPY"/>
        <property name="dwdm" column="DWDM"/>
        <property name="bz" column="BZ"/>
        <property name="qybz" column="QYBZ"/>
        <property name="bdlx" column="BDLX"/>
        <property name="bdsj" column="BDSJ"/>
    </class>

</hibernate-mapping>
