<?xml version="1.0" encoding="utf-8"?>
<!DOCTYPE hibernate-mapping PUBLIC "-//Hibernate/Hibernate Mapping DTD 3.0//EN"
	"http://hibernate.sourceforge.net/hibernate-mapping-3.0.dtd">
<hibernate-mapping>
    <class
        name="com.hzjc.hz2004.po.PoXT_XTKZCSB"
        table="XT_XTKZCSB"
        dynamic-insert="true"     
        dynamic-update="true"     
    >

       <id  name="csid"  column="CSID"  >
          <generator class="assigned">
         </generator>
        </id>

        <property name="kzlb" column="KZLB"/>
        <property name="kzmc" column="KZMC"/>
        <property name="kzz" column="KZZ"/>
        <property name="mrz" column="MRZ"/>
        <property name="bz" column="BZ"/>
        <property name="xgbz" column="XGBZ"/>
        <property name="bdlx" column="BDLX"/>
        <property name="bdsj" column="BDSJ"/>
    </class>

</hibernate-mapping>
