<?xml version="1.0"?>

<!DOCTYPE hibernate-mapping PUBLIC
    "-//Hibernate/Hibernate Mapping DTD 2.0//EN" 
    "http://hibernate.sourceforge.net/hibernate-mapping-2.0.dtd">

<hibernate-mapping>
    <class
        name="com.hzjc.hz2004.po.PoXT_YHSJFWB"
        table="XT_YHSJFWB"
        dynamic-insert="true"     
        dynamic-update="true"     
    >

       <id  name="sjfwid"  column="SJFWID"  >
          <generator class="assigned">
         </generator>
        </id>

        <property name="yhid" column="YHID"/>
        <property name="xqlx" column="XQLX"/>
        <property name="sjfw" column="SJFW"/>
    </class>

</hibernate-mapping>
