<?xml version="1.0" encoding="utf-8"?>
<!DOCTYPE hibernate-mapping PUBLIC "-//Hibernate/Hibernate Mapping DTD 3.0//EN"
	"http://hibernate.sourceforge.net/hibernate-mapping-3.0.dtd">
<hibernate-mapping>
    <class name="com.gnt.qxgl.hz2004.entity.XT_JLXXXB" table="XT_JLXXXB" dynamic-insert="true">
		<id name="dm">
			<column name="dm"  />
			<generator class="assigned" />
		</id>
		<property name="mc" column="mc" />
		<property name="zwpy" column="zwpy" />
		<property name="wbpy" column="wbpy" />
		<property name="qhdm" column="qhdm" />
		<property name="bz" column="bz" />
		<property name="qybz" column="qybz" />
		<property name="bdlx" column="bdlx" />
		<property name="bdsj" column="bdsj" />
	</class>
</hibernate-mapping>
