<?xml version="1.0" encoding="utf-8"?>
<!DOCTYPE hibernate-mapping PUBLIC "-//Hibernate/Hibernate Mapping DTD 3.0//EN"
	"http://hibernate.sourceforge.net/hibernate-mapping-3.0.dtd">
<hibernate-mapping>
    <class
        name="com.gnt.qxgl.hz2004.entity.XT_XZQHB"
        table="XT_XZQHB"
        dynamic-insert="true"     
        dynamic-update="true"     
    >
       <id  name="dm"  column="DM"  >
          <generator class="assigned">
         </generator>
        </id>
        <property name="mc" column="MC"/>
        <property name="zwpy" column="ZWPY"/>
        <property name="wbpy" column="WBPY"/>
        <property name="bz" column="BZ"/>
        <property name="qybz" column="QYBZ"/>
        <property name="bdlx" column="BDLX"/>
        <property name="bdsj" column="BDSJ"/>
    </class>

</hibernate-mapping>
