<?xml version="1.0" encoding="utf-8"?>
<!DOCTYPE hibernate-mapping PUBLIC "-//Hibernate/Hibernate Mapping DTD 3.0//EN"
	"http://hibernate.sourceforge.net/hibernate-mapping-3.0.dtd">
<hibernate-mapping>
    <class name="com.gnt.qxgl.hz2004.entity.XtXtgnb" table="XT_XTGNB" dynamic-insert="true">
		<id name="gnid" type="com.gnt.qxgl.common.LongToString">
			<column name="GNID" length="19" />
			<generator class="assigned"></generator>
		</id>
		<property name="gnbh" type="java.lang.String">
			<column name="GNBH" length="5" not-null="true" />
		</property>
		<property name="gnmc" type="java.lang.String">
			<column name="GNMC" length="200" not-null="true" />
		</property>
		<property name="gnlx" type="java.lang.String">
			<column name="GNLX" length="1" not-null="true" />
		</property>
		<property name="qybz" type="java.lang.String">
			<column name="QYBZ" length="1" not-null="true" />
		</property>
		<property name="dqbm" type="java.lang.String">
			<column name="DQBM" length="4" />
		</property>
	</class>
</hibernate-mapping>
