<?xml version="1.0" encoding="utf-8"?>
<!DOCTYPE hibernate-mapping PUBLIC "-//Hibernate/Hibernate Mapping DTD 3.0//EN"
	"http://hibernate.sourceforge.net/hibernate-mapping-3.0.dtd">
<hibernate-mapping>
    <class name="com.gnt.qxgl.hz2004.entity.XtYhdzqxb" table="XT_YHDZQXB" dynamic-insert="true">
		<id name="dzqxid" type="com.gnt.qxgl.common.LongToString">
			<column name="DZQXID" length="19" />
			<generator class="assigned"></generator>
		</id>
		<property name="yhid" type="com.gnt.qxgl.common.LongToString">
			<column name="YHID" length="19" not-null="true" />
		</property>
		<property name="dzid" type="com.gnt.qxgl.common.LongToString">
			<column name="DZID" length="19" not-null="true" />
		</property>
		<property name="dqbm" type="java.lang.String">
			<column name="DQBM" length="4" />
		</property>
	</class>
</hibernate-mapping>
