<?xml version="1.0" encoding="utf-8"?>
<!DOCTYPE hibernate-mapping PUBLIC "-//Hibernate/Hibernate Mapping DTD 3.0//EN"
	"http://hibernate.sourceforge.net/hibernate-mapping-3.0.dtd">
<hibernate-mapping>
    <class name="com.gnt.qxgl.hz2004.entity.XtYhxxb" table="XT_YHXXB" dynamic-insert="true">
		<id name="yhid" type="com.gnt.qxgl.common.LongToString">
			<column name="YHID" length="19" />
			<generator class="assigned"></generator>
		</id>
		<property name="yhdlm" type="java.lang.String">
			<column name="YHDLM" length="40" not-null="true" />
		</property>
		<property name="jyh" type="java.lang.String">
			<column name="JYH" length="8" />
		</property>
		<property name="dwdm" type="java.lang.String">
			<column name="DWDM" length="9" not-null="true" />
		</property>
		<property name="yhxm" type="java.lang.String">
			<column name="YHXM" length="40" />
		</property>
		<property name="yhxb" type="java.lang.String">
			<column name="YHXB" length="1" />
		</property>
		<property name="yhzw" type="java.lang.String">
			<column name="YHZW" length="2" />
		</property>
		<property name="dlkl" type="java.lang.String">
			<column name="DLKL" length="32" />
		</property>
		<property name="yhmj" type="java.lang.String">
			<column name="YHMJ" length="1" />
		</property>
		<property name="czmj" type="java.lang.String">
			<column name="CZMJ" length="4" not-null="true" />
		</property>
		<property name="yhzt" type="java.lang.String">
			<column name="YHZT" length="1" not-null="true" />
		</property>
		<property name="gmsfhm" type="java.lang.String">
			<column name="GMSFHM" length="18" />
		</property>
		<property name="dqbm" type="java.lang.String">
			<column name="DQBM" length="4" />
		</property>
		
		<property name="khmsg" type="java.lang.String">
			<column name="khmsg" length="200" />
		</property>
		<property name="khgxsj" type="java.util.Date">
	            <column name="khgxsj" ></column>
	        </property>
	        <property name="lxdh" type="java.lang.String">
			<column name="lxdh" length="40" />
		</property>
	</class>
</hibernate-mapping>
