<?xml version="1.0" encoding="utf-8"?>
<!DOCTYPE hibernate-mapping PUBLIC "-//Hibernate/Hibernate Mapping DTD 3.0//EN"
	"http://hibernate.sourceforge.net/hibernate-mapping-3.0.dtd">
<hibernate-mapping>
    <class name="com.gnt.qxgl.hz2004.entity.XtYwbbmbxxb" table="XT_YWBBMBXXB" dynamic-insert="true">
		<id name="ywbbid" type="com.gnt.qxgl.common.LongToString">
			<column name="YWBBID" length="19" />
			<generator class="assigned"></generator>
		</id>
		<property name="ywbblb" type="java.lang.String">
			<column name="YWBBLB" length="20" not-null="true" />
		</property>
		<property name="bbmc" type="java.lang.String">
			<column name="BBMC" length="200" not-null="true" />
		</property>
		<property name="bbmb" type="java.lang.String">
			<column name="BBMB" length="0" />
		</property>
		<property name="jlsj" type="java.lang.String">
			<column name="JLSJ" length="14" not-null="true" />
		</property>
		<property name="jlrid" type="com.gnt.qxgl.common.LongToString">
			<column name="JLRID" length="19" not-null="true" />
		</property>
		<property name="xgsj" type="java.lang.String">
			<column name="XGSJ" length="14" />
		</property>
		<property name="xgrid" type="com.gnt.qxgl.common.LongToString">
			<column name="XGRID" length="19" />
		</property>
	</class>
</hibernate-mapping>
